slug,label,family,n_parameters,training_set,n_training_structures,status,overall_arithmetic,overall_geometric,equivariance,parity,representation,trimer,zero_modes,betti,conservativeness,cross_maxwell,reversibility,stress_consistency,config_temperature,equipartition,virial,smoothness
lennard-jones,Lennard-Jones,Analytic,,,,ok,0.9894,0.9890,1.0000,1.0000,1.0000,0.9998,0.9993,1.0000,0.9997,0.9979,1.0000,0.9996,0.9873,0.8976,0.9714,0.9990
mace-mpa-0-medium,MACE-MPA-0 (medium),MACE,9063204,MPtrj+sAlex,12028160,ok,0.9580,0.9544,1.0000,1.0000,1.0000,0.8915,0.7080,1.0000,1.0000,0.9966,1.0000,0.9981,0.9667,0.9192,0.9409,0.9910
mace-omat-0-small,MACE-OMAT-0 (small),MACE,8222244,OMat24,100824585,ok,0.9538,0.9509,1.0000,1.0000,1.0000,0.9406,0.7483,1.0000,1.0000,0.9630,1.0000,0.9883,0.9567,0.8565,0.9070,0.9924
mace-mp-0-large,MACE-MP-0 (large),MACE,15847440,MPtrj,1580395,ok,0.9494,0.9463,1.0000,1.0000,1.0000,0.8996,0.8353,0.9999,0.9997,0.9945,1.0000,0.9987,0.9574,0.8176,0.7976,0.9908
mace-mh-1,MACE-MH-1,MACE,6439878,OMat24+MatPES+MPtrj+SPICE+OC20+OMol25,,ok,0.9489,0.9436,1.0000,1.0000,1.0000,0.6704,0.8028,1.0000,1.0000,0.9949,1.0000,0.9988,0.9513,0.9277,0.9492,0.9899
mace-mp-0-small,MACE-MP-0 (small),MACE,3847696,MPtrj,1580395,ok,0.9341,0.9268,1.0000,1.0000,1.0000,0.8273,0.6371,0.9999,0.9997,0.9908,1.0000,0.9981,0.9548,0.7742,0.8982,0.9979
nep89,NEP89,NEP,,OMat24+MPtrj+SPICE+ANI-1xnr+UNEP-v1,,ok,0.9314,0.9216,1.0000,1.0000,1.0000,0.6542,0.6272,1.0000,0.9984,0.9911,1.0000,0.9995,0.9543,0.8801,0.9454,0.9898
grace-fs-oam,GRACE-FS-OAM,GRACE,82357,OMat24+sAlex+MPtrj,112852745,ok,0.9291,0.9190,1.0000,1.0000,1.0000,0.9948,0.5887,0.9982,0.9757,0.9827,1.0000,0.6887,0.9633,0.8785,0.9400,0.9974
grace-1l-oam,GRACE-1L-OAM,GRACE,3447149,OMat24+sAlex+MPtrj,112852745,ok,0.9288,0.9198,1.0000,1.0000,1.0000,0.8059,0.5865,0.9961,0.9973,0.9877,1.0000,0.7796,0.9699,0.9371,0.9545,0.9893
mace-mp-0-medium,MACE-MP-0 (medium),MACE,4688656,MPtrj,1580395,ok,0.9258,0.9190,1.0000,1.0000,1.0000,0.8354,0.6484,0.9999,0.9992,0.9767,1.0000,0.9831,0.8694,0.7749,0.8858,0.9890
grace-2l-omat,GRACE-2L-OMAT,GRACE,12597517,OMat24,100824585,ok,0.9214,0.9136,1.0000,1.0000,1.0000,0.7483,0.7079,0.9971,0.9986,0.9829,1.0000,0.6834,0.9538,0.9115,0.9228,0.9933
mace-omat-0-medium,MACE-OMAT-0 (medium),MACE,9063204,OMat24,100824585,ok,0.9191,0.9009,1.0000,1.0000,1.0000,0.9250,0.4315,1.0000,1.0000,0.9848,1.0000,0.9966,0.8610,0.7431,0.9332,0.9922
nequip-oam-l,NequIP-OAM-L,NequIP,9605688,OMat24+sAlex+MPtrj,112852745,ok,0.9186,0.9114,0.9974,0.9999,0.9982,0.7996,0.7704,0.9974,0.9983,0.6473,0.9996,0.8204,0.9708,0.9345,0.9355,0.9914
grace-2l-oam,GRACE-2L-OAM,GRACE,12597517,OMat24+sAlex+MPtrj,112852745,ok,0.9171,0.9073,1.0000,1.0000,1.0000,0.8103,0.5850,0.9961,0.9982,0.9844,1.0000,0.7396,0.9630,0.8398,0.9286,0.9943
allegro-oam-l,Allegro-OAM-L,Allegro,9723084,OMat24+sAlex+MPtrj,112852745,ok,0.9146,0.9061,0.9979,0.9999,0.9981,0.8796,0.6614,0.9956,0.9969,0.7406,0.9991,0.6993,0.9600,0.9379,0.9428,0.9957
nequip-oam-xl,NequIP-OAM-XL,NequIP,32136296,OMat24+sAlex+MPtrj,112852745,ok,0.9096,0.8982,0.9972,0.9999,0.9982,0.9013,0.5900,0.9969,0.9983,0.7705,0.9997,0.6532,0.9624,0.9203,0.9573,0.9895
equflashv2-oam,EquFlashV2-45M-OAM,EquFlash,44890492,OMat24+sAlex+MPtrj,112852745,ok,0.9068,0.8987,0.9801,0.9997,0.9966,0.7075,0.7075,0.9966,0.9977,0.7218,0.9989,0.7781,0.9563,0.9164,0.9514,0.9865
mace-mh-0,MACE-MH-0,MACE,9077038,OMat24+MatPES+MPtrj+SPICE+OC20+OMol25,,ok,0.9055,0.8899,0.9999,1.0000,1.0000,0.8636,0.4769,1.0000,1.0000,0.9858,1.0000,0.9965,0.7689,0.7472,0.8486,0.9903
sevennet-mf-ompa,SevenNet-MF-ompa,SevenNet,25735090,OMat24+sAlex+MPtrj,112852745,ok,0.8968,0.8864,0.9951,0.9999,0.9988,0.7233,0.6217,0.9970,0.9958,0.7167,0.9997,0.7466,0.9605,0.8788,0.9316,0.9902
nequix-mp-1-pft,Nequix-MP-1-PFT,Nequix,,MPtrj+MDR-Phonon,,ok,0.8936,0.8798,0.9746,0.9987,0.9931,0.7593,0.6172,0.9946,0.9951,0.5562,0.9978,0.8240,0.9595,0.8957,0.9594,0.9852
sevennet-nano-4.5,SevenNet-Nano-4.5,SevenNet,103401,MPtrj+sAlex,,ok,0.8879,0.8721,0.9953,0.9998,0.9986,0.8774,0.6278,0.9926,0.9610,0.5227,0.9995,0.6864,0.9586,0.8817,0.9349,0.9943
sevennet-nano-6.0,SevenNet-Nano-6.0,SevenNet,103401,MPtrj+sAlex,,ok,0.8864,0.8693,0.9946,0.9998,0.9984,0.7725,0.5474,0.9951,0.9845,0.5670,0.9992,0.7153,0.9565,0.9224,0.9588,0.9978
sevennet-omni-i12,SevenNet-Omni-i12,SevenNet,54921494,OMat24+sAlex+MPtrj+OMol25+MatPES+OC20+OC22+SPICE+QCML+ODAC23+MAD,,ok,0.8828,0.8653,0.9940,0.9999,0.9987,0.5288,0.5888,0.9969,0.9972,0.6830,0.9994,0.7887,0.9667,0.8778,0.9481,0.9910
grace-3l-omat-large,GRACE-3L-OMAT-large,GRACE,54612810,OMat24,100824585,ok,0.8800,0.8569,0.9980,0.9999,0.9992,0.4286,0.6085,0.9966,0.9941,0.6583,0.9996,0.8167,0.9644,0.9374,0.9274,0.9906
mattersim-v1-1m,MatterSim-v1 (1M),MatterSim,890034,MatterSim,17000000,ok,0.8788,0.8511,0.9013,0.9986,0.9892,0.8834,0.6548,0.9898,0.9963,0.3301,0.9948,0.8189,0.9604,0.8964,0.8990,0.9906
prophet-oame-mbd,Prophet-OAME-MBD,Prophet,62296064,OMat24+ELEMENTA+MPtrj+sAlex+ELEMENTA-Vib,331509030,ok,0.8778,0.8458,0.9504,0.9955,0.9867,0.7734,0.7973,0.9888,0.9912,0.2936,0.9952,0.7138,0.9752,0.8963,0.9415,0.9902
mattersim-v1-5m,MatterSim-v1 (5M),MatterSim,4548930,MatterSim,17000000,ok,0.8489,0.7976,0.8230,0.9949,0.9867,0.2014,0.6429,0.9822,0.9951,0.5733,0.9896,0.8762,0.9671,0.9257,0.9377,0.9891
tece-oam-rra-1.0,TECE-OAM-RRA-1.0,TACE,221853358,OMat24+sAlex+MPtrj,112852745,ok,0.8458,0.8009,0.9124,0.9950,0.9882,0.3149,0.7314,0.9922,0.9970,0.3512,0.9981,0.8277,0.9625,0.8452,0.9337,0.9921
dpa-3.1-3m,DPA-3.1-3M,DPA,3268689,OMat24+MPtrj+Alex+OC20+OC22+ODAC23+SPICE+Transition1x+OpenLAM-internal,,ok,0.8439,0.7765,0.9809,0.9996,0.9975,0.4880,0.6737,0.9891,0.9987,0.1502,0.9963,0.8061,0.9497,0.8768,0.9131,0.9945
sevennet-0,SevenNet-0,SevenNet,842623,MPtrj,1580395,ok,0.8386,0.8231,0.9950,0.6232,0.9984,0.6372,0.6479,0.9940,0.9958,0.6776,0.9995,0.6343,0.9332,0.8049,0.8141,0.9851
dpa-4-plus-omat,DPA-4-Plus (OMat24),DPA,8848518,OMat24,100824585,ok,0.8265,0.7628,0.9914,0.1975,0.9984,0.3533,0.6795,0.9959,0.9984,0.6782,0.9983,0.8606,0.9485,0.9292,0.9491,0.9932
dpa-4-pro-mptrj,DPA-4-Pro (MPtrj),DPA,22678990,MPtrj,1580395,ok,0.8258,0.6799,0.9944,0.0350,0.9986,0.7169,0.7341,0.9881,0.9987,0.3120,0.9995,0.9417,0.9619,0.9197,0.9704,0.9901
tace-oam-l,TACE-OAM-L,TACE,82899905,OMat24+sAlex+MPtrj,112852745,ok,0.8250,0.7773,0.9755,0.9992,0.9941,0.2948,0.5801,0.9947,0.9891,0.4689,0.9981,0.4974,0.9705,0.8533,0.9420,0.9926
equiformer-v3-dens-oam,EquiformerV3+DeNS-OAM,EquiformerV3,30333412,OMat24+sAlex+MPtrj,112852745,ok,0.8232,0.7635,0.9499,0.2060,0.9415,,0.7694,0.9933,0.9978,0.3927,0.9981,0.7405,0.9688,0.8330,0.9120,0.9988
sevennet-l3i5,SevenNet-l3i5,SevenNet,1171327,MPtrj,1580395,ok,0.8167,0.7905,0.9883,0.4494,0.9788,0.8213,0.6486,0.9736,0.9761,0.4424,0.9987,0.6988,0.8617,0.7455,0.8678,0.9828
esen-30m-oam,eSEN-30M-OAM,fairchem,30161156,OMat24+sAlex+MPtrj,112852745,ok,0.7978,0.7046,0.9192,0.1479,0.9417,0.2172,0.8552,0.9916,0.9900,0.4794,0.9959,0.7676,0.9643,0.9339,0.9663,0.9985
dpa-4c-nano-omol,DPA-4C-Nano (OMol),DPA,35473,OMol25,100000000,ok,0.7923,0.7261,0.9666,0.9996,0.9905,0.6105,0.2635,0.9783,0.9386,0.2149,0.9941,0.8670,0.9678,0.8003,0.8174,0.6827
esen-30m-mptrj,eSEN-30M-MPtrj,fairchem,30086021,MPtrj,1580395,ok,0.7885,0.6383,0.9769,0.0349,0.9936,0.2748,0.7569,0.9938,0.9880,0.4208,0.9956,0.7379,0.9623,0.9309,0.9726,0.9996
dpa-2.4-7m,DPA-2.4-7M,DPA,6425169,OMat24+MPtrj+Alex+OC20+OC22+ODAC23+SPICE+Transition1x+OpenLAM-internal,,ok,0.7746,0.6644,0.9786,0.9995,0.9958,0.2781,0.4083,0.9774,0.9924,0.0888,0.9337,0.5292,0.9510,0.7908,0.9323,0.9893
matris-10m-oam,MatRIS-10M-OAM,MatRIS,10443505,OMat24+sAlex+MPtrj,112852745,ok,0.7593,0.7196,0.6431,0.9819,0.9199,,0.3919,0.8021,0.6948,0.3068,0.9753,0.5707,0.9529,0.8297,0.9437,0.8585
esen-30m-omat,eSEN-30M-OMat,fairchem,30161529,OMat24,100824585,ok,0.7565,0.6492,0.7252,0.1276,0.9582,0.1691,0.6810,0.9593,0.9852,0.3724,0.9842,0.7867,0.9698,0.9013,0.9734,0.9973
pet-oam-xl,PET-OAM-XL,PET,730128666,OMat24+sAlex+MPtrj,112852745,ok,0.7513,0.1073,0.0000,0.3011,0.9956,0.6159,0.6090,0.9948,0.9967,0.3470,0.9981,0.8046,0.9758,0.9574,0.9303,0.9923
uma-s1p2,UMA-S-1p2,fairchem,291482433,OMat24+OMol25+OC20+ODAC23+OMC25,,ok,0.7395,0.2066,0.9133,0.1266,0.0000,0.6584,0.6126,0.9934,0.9931,0.4658,0.9977,0.7764,0.9565,0.9334,0.9322,0.9936
dpa-4c-neo-omol,DPA-4C-Neo (OMol),DPA,538697,OMol25,100000000,ok,0.7395,0.6606,0.9529,0.9990,0.9809,0.3830,0.2529,0.9432,0.8323,0.1751,0.9864,0.7057,0.9579,0.7122,0.9096,0.5612
dpa-4c-mini-omol,DPA-4C-Mini (OMol),DPA,200169,OMol25,100000000,ok,0.7307,0.6540,0.9660,0.9989,0.9915,0.3863,0.3494,0.9343,0.8390,0.1408,0.9794,0.6812,0.9510,0.5409,0.8043,0.6662
dpa-4c-air-omol,DPA-4C-Air (OMol),DPA,630281,OMol25,100000000,ok,0.7204,0.6274,0.9743,0.9988,0.9862,0.2291,0.2061,0.9657,0.8955,0.2207,0.9893,0.4864,0.9668,0.7090,0.8631,0.5949
pet-mad-s,PET-MAD-S,PET,25989658,MAD,,ok,0.7194,0.0875,0.0000,0.0301,0.9950,0.5396,0.6376,0.9948,0.9963,0.2168,0.9989,0.8292,0.9536,0.9516,0.9370,0.9910
uma-s1p1,UMA-S-1p1,fairchem,146566817,OMat24+OMol25+OC20+ODAC23+OMC25,,ok,0.7106,0.5740,0.6543,0.1818,0.9742,0.0444,0.5436,0.8723,0.9107,0.3594,0.8951,0.7685,0.9618,0.9155,0.9353,0.9319
chgnet,CHGNet,CHGNet,412525,MPtrj,1580395,ok,0.7079,0.6408,0.9276,0.9958,0.9624,0.5624,0.3846,0.3829,0.7505,0.1645,0.9929,0.5594,0.9627,0.5680,0.9355,0.7616
esen-sm-conserving-omol,eSEN-sm-conserving (OMol),fairchem,6332801,OMol25,100000000,ok,0.6891,0.5203,0.9224,0.1816,0.8835,0.0501,0.2874,0.9889,0.9919,0.1244,0.9933,0.7121,0.9432,0.7214,0.9020,0.9452
uma-m1p1,UMA-M-1p1,fairchem,1396669089,OMat24+OMol25+OC20+ODAC23+OMC25,,ok,0.6866,0.5704,0.6666,0.1349,0.8854,0.0671,0.6559,0.7854,0.8375,0.4339,0.7419,0.7424,0.9621,0.8948,0.9227,0.8815
m3gnet-matpes-pbe,M3GNet (MatPES-PBE),M3GNet,288157,MatPES,504811,ok,0.6802,0.5900,0.9798,0.5264,0.2923,0.7485,0.6976,0.6936,0.6692,0.0917,0.9951,0.3171,0.9737,0.7977,0.9236,0.8170
dpa-4-neo-omol,DPA-4-Neo (OMol),DPA,774926,OMol25,,ok,0.6493,0.5665,0.6614,0.2237,0.9330,0.4319,0.2908,0.7226,0.9479,0.1444,0.8456,0.4750,0.9701,0.6575,0.9025,0.8843
dpa-4-air-omol,DPA-4-Air (OMol),DPA,3454853,OMol25,,ok,0.6457,0.4959,0.7018,0.0596,0.9378,0.3391,0.2561,0.7802,0.9664,0.0840,0.9200,0.4428,0.9498,0.8588,0.9002,0.8427
orb-v3-conservative-inf-omat,"ORB-v3 (conservative, inf, OMat)",ORB,25510582,OMat24,100824585,ok,0.5547,0.2273,0.0000,0.4216,0.3704,0.2687,0.5644,0.4231,0.8225,0.0296,0.7648,0.5697,0.9683,0.9066,0.9352,0.7205
esen-sm-direct-omol,eSEN-sm-direct (OMol),fairchem,6333058,OMol25,100000000,ok,0.5361,0.2173,0.9317,,0.9514,0.0116,0.0436,0.0860,0.0064,,0.9926,,0.8527,0.3837,0.6427,0.9942
esen-md-direct-omol,eSEN-md-direct (OMol),fairchem,50671234,OMol25,100000000,ok,0.5084,0.2135,0.9019,,0.8482,0.0075,0.0488,0.0666,0.0126,,0.9940,,0.8471,0.4799,0.5016,0.8843
orb-v3-conservative-20-omat,"ORB-v3 (conservative, 20, OMat)",ORB,25510582,OMat24,100824585,ok,0.5013,0.2038,0.0001,0.1953,0.1341,0.2289,0.5871,0.4280,0.7630,0.0180,0.7522,0.3581,0.9521,0.9128,0.9331,0.7549
allscaip-md-conserving-omol,AllScaIP-md-conserving (OMol),fairchem,85972531,OMol25,100000000,ok,0.4845,0.0332,0.0000,,0.1485,0.0590,0.1107,0.2845,0.5039,,1.0000,,0.9535,0.8021,0.8853,0.5824
equiformer-v3-direct-omat,EquiformerV3+DeNS-OMat (direct),EquiformerV3,34928168,OMat24,100824585,ok,0.4801,0.3200,0.6726,0.0969,0.8817,,0.2328,0.1625,0.0502,0.1621,0.9732,0.0809,0.9411,0.5586,0.7922,0.6361
eqv2-31m-omat-mp-salex,EquiformerV2-31M-OAM,fairchem,31207438,OMat24+sAlex+MPtrj,112852745,ok,0.4318,0.1041,0.0200,0.1585,0.7319,,0.0090,0.1963,0.1529,0.0004,0.9458,0.0016,0.9662,0.6142,0.8176,0.9984
eqv2-31m-omat,EquiformerV2-31M-OMat,fairchem,31207437,OMat24,100824585,ok,0.4134,0.1163,0.0499,0.0726,0.9769,,0.0388,0.1850,0.0281,0.0213,0.9594,0.0002,0.9636,0.5141,0.6912,0.8729
orb-v3-direct-inf-omat,"ORB-v3 (direct, inf, OMat)",ORB,25644479,OMat24,100824585,ok,0.3975,0.0244,0.0000,0.0786,0.1909,0.3623,0.2596,0.1293,0.2083,0.0066,0.7069,0.0002,0.9590,0.8545,0.9200,0.8893
allscaip-md-direct-omol,AllScaIP-md-direct (OMol),fairchem,86800694,OMol25,100000000,ok,0.3748,0.0145,0.0000,,0.0014,0.0152,0.1721,0.1030,0.0806,,0.9106,,0.9568,0.5970,0.8073,0.4792
orb-v2,ORB-v2,ORB,25213601,MPtrj+Alex,32078023,ok,0.3451,0.0111,0.0000,0.0194,0.1761,0.4330,0.0060,0.0854,0.1008,0.0000,0.8049,0.0013,0.9207,0.5729,0.8469,0.8643
